0;143;151;157;158;38;16;74;94;88;116;22;30;66;8;44;52;102;1;2;58;72;80;110;121;135;129
1;2;0;24;137
2;10;12;47;111;31;74;76;112;103;130;33;3;98;137;48;73;139;40;24;53;123;68;146;124;1;0;104;131;32;46;89;82;39;138;67;145;90;152;34;153;61;4;59;83;96;60;45;125;25;18;81;62;75;105;54;95;106;117;26;84;158;17;11;97;122;147;9;144;23;136
3;47;2;11;5;6
4;2;48;5;7;12
5;4;3;8
6;9;3;7
7;4;6;9
8;5;9;0
9;2;10;8;6;7
10;9;20;19;2
11;13;2;3;14
12;13;4;15;2
13;16;11;12
14;11;15;17
15;14;17;12
16;17;0;13
17;15;2;14;16;18
18;21;2;19;17
19;10;22;18
20;21;23;10
21;18;23;20
22;19;0;23
23;21;2;24;22;20
24;23;1;2
25;27;105;33;2;28
26;27;29;106;34;2
27;26;25;30
28;25;29;31
29;26;28;31
30;27;31;0
31;2;32;30;28;29
32;2;31;41;42
33;35;2;36;25
34;35;37;2;26
35;38;33;34
36;33;37;39
37;36;39;34
38;35;39;0
39;38;40;2;36;37
40;41;39;43;2
41;32;40;44
42;32;45;43
43;40;45;42
44;45;0;41
45;2;44;42;43;46
46;45;56;97;2;55;61
47;49;50;2;3
48;2;49;4;51
49;52;47;48
50;53;51;47
51;48;53;50
52;49;0;53
53;51;52;54;50;2
54;57;62;98;53;55;2
55;54;58;46
56;59;57;46
57;54;56;59
58;59;0;55
59;57;56;60;2;58
60;69;70;2;59
61;46;63;2;64
62;54;63;65;2
63;61;62;66
64;67;65;61
65;62;67;64
66;0;67;63
67;2;66;68;64;65
68;69;67;71;2
69;68;60;72
70;71;60;73
71;73;70;68
72;73;0;69
73;72;71;70;74;2
74;2;73;0
75;2;83;77;78;146
76;84;147;2;79;77
77;75;76;80
78;75;79;81
79;76;78;81
80;81;77;0
81;82;78;80;2;79
82;92;91;2;81
83;2;86;85;75
84;76;87;2;85
85;88;83;84
86;83;89;87
87;89;84;86
88;0;85;89
89;86;90;88;2;87
90;2;91;93;89
91;82;90;94
92;82;93;95
93;95;90;92
94;91;95;0
95;96;93;94;2;92
96;95;118;138;119;2;124
97;46;100;2;99
98;99;2;54;101
99;97;98;102
100;101;103;97
101;98;100;103
102;99;103;0
103;2;102;101;100;104
104;2;103;113;114
105;25;107;108;2
106;107;109;2;26
107;110;105;106
108;109;105;111
109;111;108;106
110;111;107;0
111;110;112;2;109;108
112;111;113;2;115
113;112;116;104
114;104;115;117
115;117;114;112
116;117;113;0
117;114;125;2;118;120;115;139;116
118;121;96;117
119;122;96;120
120;119;117;122
121;118;0;122
122;119;123;2;120;121
123;132;133;122;2
124;126;96;2;127
125;117;126;128;2
126;125;124;129
127;130;124;128
128;125;127;130
129;0;126;130
130;2;127;129;131;128
131;132;134;130;2
132;131;135;123
133;123;136;134
134;133;136;131
135;0;136;132
136;133;137;2;134;135
137;1;136;2
138;96;140;141;2
139;2;140;142;117
140;143;138;139
141;138;142;144
142;139;141;144
143;0;140;144
144;142;143;141;2;145
145;2;155;144;154
146;149;2;148;75
147;150;76;148;2
148;146;147;151
149;150;146;152
150;147;149;152
151;148;152;0
152;151;150;153;2;149
153;152;156;2;154
154;153;157;145
155;145;156;158
156;158;153;155
157;154;0;158
158;0;156;2;155;157
